prompt,response
What are some famous tourist attractions in Chennai?,"Chennai, often called the 'Gateway to South India,' boasts several popular tourist spots. Some of the must-visit attractions include Marina Beach, Kapaleeshwarar Temple, Fort St. George, and the Government Museum."
Can you tell me about Marina Beach?,"Marina Beach is one of the longest urban beaches in the world, stretching along the eastern coast of Chennai. It offers picturesque views of the Bay of Bengal and is a favorite spot for locals and tourists alike to enjoy leisurely strolls, horse rides, and beachside snacks."
What is special about Kapaleeshwarar Temple?,"Kapaleeshwarar Temple is a historic Hindu temple dedicated to Lord Shiva. It is renowned for its Dravidian-style architecture, towering gopurams (entrance towers), and intricately carved sculptures. The temple's vibrant festivals, such as Arubathimoovar and Panguni Peruvizha, attract devotees and visitors from far and wide."
Tell me about Fort St. George,"Fort St. George, built by the British East India Company in 1644, is the first English fortress in India. It houses several historic buildings, including St. Mary's Church, the oldest Anglican church in India, and the Fort Museum, which showcases colonial artifacts, weaponry, and memorabilia."
What can I explore at the Government Museum?,"The Government Museum, established in 1851, is one of the oldest museums in India. It features a diverse collection of artifacts, including archaeological finds, sculptures, numismatics, natural history exhibits, and traditional South Indian art. Highlights include the Bronze Gallery, Egyptian mummies, and the Amaravati Gallery."
Are there any botanical gardens or parks in Chennai?,"Yes, Chennai is home to several beautiful parks and botanical gardens. The Guindy National Park, located in the heart of the city, is a haven for nature lovers with its diverse flora and fauna. The Semmozhi Poonga botanical garden, spread across 20 acres, offers landscaped gardens, thematic zones, and a serene ambiance for relaxation and recreation."
Can you recommend any offbeat attractions in Chennai?,"For offbeat experiences, consider visiting the DakshinaChitra cultural center, which showcases the diverse heritage and traditions of South India through exhibits, workshops, and live demonstrations. The Theosophical Society, nestled amidst lush greenery by the Adyar River, is another serene retreat known for its spiritual ambiance and architectural landmarks."
What is the best time to visit Chennai?,"Chennai experiences a tropical climate with hot and humid weather for most of the year. The best time to visit is during the winter months, from November to February, when the weather is more pleasant with cooler temperatures and lower humidity. This is ideal for exploring the city's attractions and outdoor activities."
Can you recommend some popular restaurants in Chennai?,"Saravana Bhavan: Known for its authentic South Indian vegetarian fare.
Dakshin: Offers a delectable spread of traditional South Indian delicacies.
The Flying Elephant: Known for its diverse international buffet and live cooking stations.
Azzuri Bay: Offers a fine dining experience with a focus on Mediterranean and seafood dishes.
Murugan Idli Shop: Famous for its delicious and affordable South Indian breakfast options, especially idlis and dosas"
Are there any cricket stadiums in Chennai?,"Yes, Chennai is home to the M.A. Chidambaram Stadium, commonly known as Chepauk Stadium. It is one of the oldest cricket stadiums in India and has hosted numerous international and domestic cricket matches over the years. The stadium has a rich history and is renowned for its electrifying atmosphere during cricket matches, especially during Indian Premier League (IPL) games featuring the Chennai Super Kings."
Any Shopping malls in chennai?,"Express Avenue,Phoenix Marketcity,Forum Vijaya Mall,VR Chennai"
Theatres in chennai?,"Sathyam Cinemas,Luxe Cinemas,Palazzo Cinemas,Escape Cinemas"
